prompt_id,domain,task_type,prompt
1,gymnastics,explanation,"Explain why maintaining body tension is important during a handstand."
2,gymnastics,explanation,"Explain why gymnasts use grips on high bar."
3,gymnastics,biomechanics,"Explain the role of the block during a men's gymnastics vault."
4,gymnastics,coaching,"Give three tips to a gymnast who struggles with consistency on pommel horse."
5,gymnastics,comparison,"Compare the physical demands of still rings and parallel bars."
6,gymnastics,planning,"Create a 60-minute pommel horse practice for an intermediate gymnast."
7,gymnastics,explanation,"Explain the difference between difficulty and execution scores in men's artistic gymnastics."
8,gymnastics,biomechanics,"Why does generating more height make it easier to complete multiple twists during a vault?"
9,gymnastics,coaching,"A gymnast keeps traveling sideways during twisting skills. Give possible technical causes."
10,gymnastics,creative,"Write a short story about a gymnast competing at his first major international competition."
11,gymnastics,comparison,"Which requires more consistency for an all-around gymnast: increasing difficulty or improving execution? Explain your reasoning."
12,gymnastics,explanation,"Explain a Maltese on still rings to someone who has never watched gymnastics."
13,gymnastics,planning,"Create a simple weekly training schedule for a six-event men's all-around gymnast."
14,gymnastics,biomechanics,"Explain how angular momentum affects twisting in gymnastics."
15,gymnastics,coaching,"What advice would you give a gymnast who performs a skill confidently into a foam pit but hesitates on a competition surface?"
16,gymnastics,explanation,"Why are landings important in competitive gymnastics?"
17,gymnastics,comparison,"Compare floor exercise and high bar in terms of the physical abilities they require."
18,gymnastics,coaching,"Give three ways a gymnast could improve handstand control on parallel bars."
19,gymnastics,biomechanics,"Explain why a gymnast changes body shape during a somersault."
20,gymnastics,creative,"Write a motivational speech for a gymnast before an NCAA competition."
21,gymnastics,explanation,"What makes pommel horse difficult compared with the other men's gymnastics events?"
22,gymnastics,coaching,"A gymnast repeatedly takes a large step on landing. What are some possible causes?"
23,gymnastics,planning,"Design a short warm-up for a gymnast preparing to train floor exercise."
24,gymnastics,comparison,"Compare training for an all-around gymnast with training for a one-event specialist."
25,gymnastics,biomechanics,"Explain how shoulder angle can affect a handstand."
26,gymnastics,explanation,"Why do gymnasts swing before performing many release skills on high bar?"
27,gymnastics,coaching,"Give advice to a gymnast learning a new skill who is physically capable but afraid to attempt it."
28,gymnastics,reasoning,"Why might a gymnast perform better in practice than in competition?"
29,gymnastics,planning,"Create a simple strategy for preparing for a gymnastics competition one week away."
30,gymnastics,creative,"Describe the final rotation of a close gymnastics team championship from the perspective of one athlete."
31,random,explanation,"Explain how a microwave heats food in simple terms."
32,random,creative,"Write a short story about a dog that accidentally becomes mayor of a small town."
33,random,advice,"Give five practical tips for improving time management as a college student."
34,random,comparison,"Compare reading a physical book with reading an ebook."
35,random,reasoning,"Why do people often procrastinate even when they know a task is important?"
36,random,planning,"Plan a relaxing Saturday for someone with no work or school obligations."
37,random,explanation,"Explain how airplanes stay in the air to a ten-year-old."
38,random,creative,"Invent a new holiday and describe how people celebrate it."
39,random,advice,"What should someone consider when choosing between two job offers?"
40,random,comparison,"Compare living in a large city with living in a small town."
41,random,reasoning,"Why can two people remember the same event differently?"
42,random,planning,"Create a simple morning routine for a busy college student."
43,random,explanation,"Explain why the sky appears blue during the day."
44,random,creative,"Write a dialogue between two astronauts who discover something unexpected on the Moon."
45,random,advice,"Give practical advice for someone giving their first public speech."
46,random,comparison,"Compare studying alone with studying in a group."
47,random,reasoning,"Why are habits difficult to change?"
48,random,planning,"Plan a low-cost weekend road trip for four college students."
49,random,explanation,"Explain how noise-canceling headphones work."
50,random,creative,"Describe a future city where cars are no longer used."
51,random,advice,"Give three ways someone can become a better listener."
52,random,comparison,"Compare cooking at home with eating at restaurants."
53,random,reasoning,"Why does music sometimes bring back strong memories?"
54,random,planning,"Create a simple plan for learning a new language over six months."
55,random,explanation,"Explain how a refrigerator keeps food cold."
56,random,creative,"Write a short mystery that takes place inside a university library."
57,random,advice,"What advice would you give someone moving away from home for the first time?"
58,random,comparison,"Compare working from home with working in an office."
59,random,reasoning,"Why do people sometimes perform worse when they feel pressure?"
60,random,creative,"Imagine humans establish a permanent settlement on Mars. Describe an ordinary day there."
61,oulu,factual,"What is Oulu, Finland known for?"
62,oulu,explanation,"Explain what winter in Oulu is like to someone who has never experienced a northern winter."
63,oulu,planning,"Plan a summer day in Oulu for someone visiting for the first time."
64,oulu,comparison,"Compare living in Oulu with living in Helsinki."
65,oulu,explanation,"Why is cycling such an important form of transportation in Oulu?"
66,oulu,planning,"Suggest outdoor activities someone could do around Oulu during the winter."
67,oulu,creative,"Write a short story set in Oulu during a cold winter night."
68,oulu,factual,"Describe Oulu's geographic location within Finland."
69,oulu,comparison,"Compare summer and winter in Oulu."
70,oulu,explanation,"How does Oulu's northern location affect the amount of daylight throughout the year?"
71,oulu,planning,"Create a two-day itinerary for an international student visiting Oulu."
72,oulu,creative,"Describe a peaceful summer evening in Oulu."
73,oulu,factual,"What industries and fields of technology is Oulu associated with?"
74,oulu,explanation,"Explain how residents of Oulu adapt to snow and ice during everyday life."
75,oulu,comparison,"Compare transportation in Oulu during summer and winter."
76,oulu,planning,"Plan an inexpensive day in Oulu for a university student."
77,oulu,creative,"Write a fictional conversation between two tourists visiting Oulu for the first time."
78,oulu,factual,"What is the University of Oulu and what is it known for?"
79,oulu,explanation,"Why can Oulu be a good location for winter sports and outdoor recreation?"
80,oulu,comparison,"Compare the climate of Oulu with the climate of a typical city in the southern United States."
81,oulu,planning,"Suggest what clothes a visitor should pack for a January trip to Oulu."
82,oulu,creative,"Describe what it feels like to walk through Oulu after a heavy snowfall."
83,oulu,factual,"What role does the Gulf of Bothnia play in Oulu's geography?"
84,oulu,explanation,"Explain why roads and bike paths in Oulu can remain usable during snowy winters."
85,oulu,comparison,"Compare student life in Oulu with student life in a large European capital."
86,oulu,planning,"Plan an active outdoor weekend in the Oulu region."
87,oulu,creative,"Imagine Oulu fifty years in the future and describe how the city might look."
88,oulu,reasoning,"What advantages and disadvantages come with living in a northern city like Oulu?"
89,oulu,explanation,"Explain how extreme seasonal daylight differences could affect daily routines in Oulu."
90,oulu,planning,"Create a list of activities for someone spending one week in Oulu in February."
91,finland,factual,"What is Finland best known for internationally?"
92,finland,explanation,"Explain Finnish sauna culture to someone from the United States."
93,finland,comparison,"Compare everyday life in Finland and the United States."
94,finland,planning,"Plan a one-week summer trip through Finland."
95,finland,creative,"Write a short story set in the Finnish countryside during midsummer."
96,finland,factual,"Describe Finland's geography and climate."
97,finland,explanation,"Why are saunas so common in Finland?"
98,finland,comparison,"Compare the Finnish education system with the American education system."
99,finland,planning,"Suggest activities for a tourist visiting Finland for the first time."
100,finland,creative,"Describe a winter morning in Finland from the perspective of someone seeing snow for the first time."
101,finland,factual,"What languages are commonly spoken in Finland?"
102,finland,explanation,"Explain the concept of sisu and how it is used in Finnish culture."
103,finland,comparison,"Compare Finnish summers with Finnish winters."
104,finland,planning,"Create a three-day itinerary for someone visiting Helsinki."
105,finland,creative,"Write a fictional conversation between a Finnish person and an American experiencing a sauna for the first time."
106,finland,factual,"What are some popular sports in Finland?"
107,finland,explanation,"Why are forests and lakes important to Finnish culture?"
108,finland,comparison,"Compare Finnish food culture with American food culture."
109,finland,planning,"Plan a winter vacation in Finland for someone who enjoys outdoor activities."
110,finland,creative,"Write a short description of a summer cottage beside a Finnish lake."
111,finland,factual,"What is Finland's relationship with the Baltic Sea?"
112,finland,explanation,"Explain why ice hockey is popular in Finland."
113,finland,comparison,"Compare Helsinki with a smaller Finnish city."
114,finland,planning,"Suggest a route for seeing both northern and southern Finland during one trip."
115,finland,creative,"Imagine spending a full day in Finland without using a car. Describe the day."
116,finland,reasoning,"What factors contribute to Finland's reputation for a high quality of life?"
117,finland,explanation,"Explain how long winter nights and long summer days occur in Finland."
118,finland,comparison,"Compare Finnish communication styles with typical American communication styles."
119,finland,planning,"Create a packing list for a first-time visitor to Finland in December."
120,finland,reasoning,"What are some advantages and challenges of living in Finland?"
121,academic,math,"Solve 3x + 7 = 25 and explain each step."
122,academic,math,"A rectangle has a length of 12 meters and a width of 7 meters. Find its area and perimeter."
123,academic,math,"Explain the difference between a derivative and an integral in simple terms."
124,academic,math,"A car travels 180 miles in 3 hours. Calculate its average speed."
125,academic,math,"Explain why dividing by zero is undefined."
126,academic,logic,"If all roses are flowers and some flowers fade quickly, can we conclude that some roses fade quickly? Explain."
127,academic,logic,"A farmer has 17 sheep and all but 9 run away. How many sheep remain? Explain your reasoning."
128,academic,science,"Explain Newton's third law using an everyday example."
129,academic,science,"Why does ice float on liquid water?"
130,academic,science,"Explain photosynthesis to a middle school student."
131,academic,weather,"Explain the difference between weather and climate."
132,academic,weather,"Why does warm air generally rise above cold air?"
133,academic,weather,"Explain how thunderstorms form."
134,academic,weather,"Why can coastal areas have milder temperatures than inland areas?"
135,academic,weather,"Explain how meteorologists use air pressure to help predict weather."
136,academic,math,"What is the probability of rolling a six on a fair six-sided die twice in a row? Explain."
137,academic,math,"Calculate the mean of 4, 8, 10, 12, and 16 and explain the calculation."
138,academic,math,"Explain the Pythagorean theorem and give a numerical example."
139,academic,logic,"You have three boxes labeled apples, oranges, and mixed, but every label is wrong. Explain how you could correctly label all three boxes by taking one fruit from one box."
140,academic,science,"Explain why astronauts appear weightless while orbiting Earth."
141,academic,science,"Describe the difference between speed and velocity."
142,academic,weather,"Why does snow sometimes fall when the surface temperature is slightly above freezing?"
143,academic,weather,"Explain why wind occurs."
144,academic,math,"A student scores 80, 90, and 70 on three exams. What score is needed on a fourth exam to have an average of 85?"
145,academic,logic,"If today is Tuesday, what day of the week will it be 100 days from today? Explain how you determine the answer."
146,academic,science,"Explain the difference between mass and weight."
147,academic,weather,"Explain why humidity can make a hot day feel hotter."
148,academic,math,"A $50 item is discounted by 20 percent and then taxed at 6 percent. Calculate the final price."
149,academic,logic,"A train leaves at 2:15 PM and travels for 2 hours and 47 minutes. What time does it arrive?"
150,academic,science,"Explain why the seasons occur on Earth."
